Operating point,Strategy,Recall,Precision,FPR,F1,Detected /1000,Missed /1000,False alarms /1000,Inspections /1000
rec80,Baseline,0.7959824032176975,0.6511745758313962,0.016170519975476614,0.7098616197323794,27.022222222222226,6.933333333333333,15.622222222222222,42.64444444444444
rec80,RUS,0.7859180492709906,0.4441382407440475,0.036230350732728,0.5633064491296517,26.688888888888883,7.2666666666666675,34.99999999999999,61.68888888888888
rec80,SMOTE,0.7901131221719458,0.5862304078941264,0.02118612444632722,0.6662471397017035,26.822222222222226,7.133333333333331,20.466666666666672,47.2888888888889
rec80,SMOTENC,0.7796043237807946,0.5681478078648369,0.022657801503527808,0.6499494866520945,26.46666666666666,7.488888888888889,21.88888888888889,48.35555555555554
rec80,Borderline-SMOTE,0.7920095525389643,0.6263359372414364,0.018724418374869392,0.690582857736968,26.888888888888893,7.0666666666666655,18.08888888888889,44.977777777777774
rec80,ADASYN,0.7979597787833084,0.5669094888193728,0.023210207993433787,0.6558058734297398,27.088888888888885,6.866666666666666,22.422222222222224,49.5111111111111
rec80,Single WGAN-GP,0.783680744092509,0.5832001322044907,0.021369524853463818,0.6617364862025197,26.6,7.355555555555554,20.64444444444444,47.24444444444445
rec80,Multi WGAN-GP,0.7998697838109604,0.6385335352232623,0.016838123427105178,0.7049178100060937,27.15555555555556,6.799999999999999,16.266666666666666,43.42222222222221
rec90,Baseline,0.8940377073906486,0.36306307589038833,0.06015128172123707,0.5096362966612312,30.355555555555558,3.5999999999999996,58.11111111111111,88.46666666666667
rec90,RUS,0.896139768728004,0.3048773424933873,0.0754728631693975,0.4518019512363428,30.422222222222224,3.533333333333333,72.91111111111111,103.33333333333331
rec90,SMOTE,0.8810417295123177,0.36186172619336116,0.0582658756125752,0.5069498673093747,29.91111111111111,4.044444444444445,56.28888888888889,86.2
rec90,SMOTENC,0.8888366013071897,0.35612792099195745,0.05996697748643875,0.5034531317979402,30.177777777777774,3.7777777777777772,57.93333333333332,88.1111111111111
rec90,Borderline-SMOTE,0.8959341377576672,0.3237972761563624,0.07245978056749053,0.46917913498717095,30.422222222222224,3.5333333333333337,70.0,100.42222222222222
rec90,ADASYN,0.8888099547511313,0.32871439713619643,0.06811174871653887,0.4749648519697228,30.177777777777774,3.7777777777777777,65.79999999999998,95.97777777777779
rec90,Single WGAN-GP,0.8863217697335344,0.28543025356937635,0.08428025012311875,0.42747483360843025,30.08888888888889,3.8666666666666663,81.42222222222223,111.5111111111111
rec90,Multi WGAN-GP,0.8869502262443439,0.3663279862948213,0.05874631690118284,0.5123163503708793,30.111111111111118,3.8444444444444446,56.755555555555546,86.86666666666665
fpr1,Baseline,0.7461608848667673,0.7616441474256942,0.008672157497503111,0.7492910802586618,25.333333333333332,8.622222222222222,8.377777777777776,33.7111111111111
fpr1,RUS,0.6022679738562092,0.6862197940727726,0.010029399445677495,0.6358721687183574,20.444444444444446,13.511111111111111,9.688888888888888,30.133333333333333
fpr1,SMOTE,0.6931850175967825,0.7391807493421343,0.009131927152270573,0.709522406763871,23.533333333333328,10.42222222222222,8.822222222222223,32.35555555555555
fpr1,SMOTENC,0.6950965309200606,0.7267986765107058,0.00963797584676924,0.7059646547940968,23.599999999999998,10.355555555555553,9.311111111111108,32.911111111111104
fpr1,Borderline-SMOTE,0.7337792860734038,0.740387718109428,0.009477421597891748,0.7331975255904936,24.911111111111108,9.044444444444444,9.155555555555555,34.06666666666666
fpr1,ADASYN,0.6914424333836101,0.7409597801205912,0.008809754751669155,0.7115176882619901,23.466666666666672,10.488888888888889,8.511111111111111,31.977777777777778
fpr1,Single WGAN-GP,0.6854580191050783,0.7385847932334303,0.008994107480154511,0.7048213957743958,23.266666666666662,10.688888888888886,8.688888888888888,31.95555555555556
fpr1,Multi WGAN-GP,0.7161045751633989,0.7449773247137723,0.00901750869719924,0.7255917017824692,24.31111111111111,9.644444444444442,8.711111111111112,33.02222222222222
fpr2,Baseline,0.801839115133233,0.6325875040500566,0.017045400609350676,0.7037063347362944,27.22222222222222,6.733333333333333,16.466666666666665,43.68888888888889
fpr2,RUS,0.7001181498240323,0.5813468207135933,0.01812695553039055,0.6324847617793842,23.77777777777778,10.177777777777777,17.511111111111113,41.288888888888884
fpr2,SMOTE,0.7683851181498242,0.6162122377528644,0.017528524148870055,0.6794159347565947,26.08888888888889,7.866666666666665,16.933333333333334,43.02222222222223
fpr2,SMOTENC,0.7605671191553546,0.6110209272715638,0.017712479614792272,0.674260410948967,25.82222222222222,8.133333333333331,17.11111111111111,42.93333333333335
fpr2,Borderline-SMOTE,0.7972252388134743,0.6309379879485305,0.016931251904522174,0.7018582450855431,27.066666666666666,6.888888888888888,16.355555555555554,43.422222222222224
fpr2,ADASYN,0.7730266465560585,0.6177500990118522,0.017298321702079768,0.6838564571711233,26.244444444444444,7.71111111111111,16.711111111111112,42.955555555555556
fpr2,Single WGAN-GP,0.7738094519859227,0.6258600593091691,0.01676942746288874,0.6888231425002586,26.266666666666666,7.688888888888888,16.2,42.46666666666667
fpr2,Multi WGAN-GP,0.7939451985922575,0.6321862470295101,0.01695365313922886,0.7000163567119961,26.95555555555556,6.999999999999999,16.377777777777776,43.33333333333333
F1opt,Baseline,0.7082740070387131,0.8248784614833143,0.005750443225287295,0.7566918363194431,24.044444444444448,9.911111111111113,5.555555555555555,29.599999999999998
F1opt,RUS,0.6339949723479136,0.6487388592173798,0.012928760867308172,0.6338915616255881,21.533333333333328,12.42222222222222,12.488888888888889,34.02222222222222
F1opt,SMOTE,0.6500467571644044,0.8046507561435274,0.006279527845478295,0.710075894342014,22.066666666666666,11.888888888888888,6.0666666666666655,28.13333333333333
F1opt,SMOTENC,0.6710256410256412,0.768006968647249,0.007935461564140317,0.7069785060037531,22.777777777777775,11.177777777777779,7.666666666666666,30.444444444444443
F1opt,Borderline-SMOTE,0.6807526395173457,0.8043128546867011,0.006486805181115485,0.7285982812534176,23.111111111111107,10.844444444444443,6.266666666666667,29.37777777777778
F1opt,ADASYN,0.6710266465560584,0.7673856954288141,0.00779762598311473,0.7070157824359043,22.77777777777777,11.177777777777775,7.533333333333333,30.311111111111114
F1opt,Single WGAN-GP,0.7070980392156865,0.733168868646885,0.00956920112687671,0.7141911838376548,24.0,9.955555555555554,9.244444444444444,33.24444444444444
F1opt,Multi WGAN-GP,0.6951352438411262,0.7695082351885989,0.007706291114725021,0.7254796662141015,23.599999999999998,10.355555555555554,7.444444444444445,31.044444444444444
t0.5,Baseline,0.6355480140774259,0.8955760141978686,0.002990425948123894,0.7369302979716291,21.57777777777778,12.377777777777778,2.8888888888888884,24.466666666666665
t0.5,RUS,0.9352840623428859,0.24735657960374477,0.10185997538808425,0.3902932220804208,31.755555555555564,2.1999999999999997,98.4,130.1555555555555
t0.5,SMOTE,0.7888290598290599,0.5779296208183876,0.02074886670932709,0.6649027698893004,26.777777777777775,7.177777777777777,20.04444444444444,46.82222222222222
t0.5,SMOTENC,0.7737440925087985,0.5808181814287465,0.020288763296156007,0.6609214395536497,26.266666666666666,7.688888888888887,19.600000000000005,45.86666666666666
t0.5,Borderline-SMOTE,0.743750628456511,0.7121946339352481,0.0109266018135368,0.7244650384403417,25.244444444444447,8.71111111111111,10.555555555555555,35.8
t0.5,ADASYN,0.7939441930618403,0.5673552477963174,0.02169255394665204,0.6598987424225768,26.955555555555556,7.0,20.955555555555556,47.91111111111111
t0.5,Single WGAN-GP,0.8430120663650077,0.4719719157518736,0.03402220090515998,0.6027757517640632,28.62222222222222,5.333333333333332,32.86666666666666,61.48888888888889
t0.5,Multi WGAN-GP,0.859328305681247,0.47654095171114735,0.03425261008012173,0.6104924331456575,29.177777777777774,4.777777777777777,33.08888888888889,62.26666666666667
