Measure,Comparison,Other,Mean_diff,CI_low,CI_high,p_corrected_t,Significant,Wilcoxon_p,d_z,Wins,Ties,Losses,Wilcoxon_p_Holm
PR-AUC,Multi WGAN-GP − Baseline,Baseline,-0.015027871170854752,-0.05064831332342535,0.020592570981715845,0.39529451675712807,False,0.029325857758522034,-0.4293705567688012,10,0,20,0.11730343103408813
PR-AUC,Multi WGAN-GP − RUS,RUS,0.10775176411100586,0.057736375200373856,0.15776715302163785,0.00013154738331195838,True,1.862645149230957e-09,2.1925769386357294,30,0,0,1.30385160446167e-08
PR-AUC,Multi WGAN-GP − SMOTE,SMOTE,0.005655112805828,-0.030151839036465157,0.041462064648121154,0.7490052245076738,False,0.23665234446525574,0.16073410014923012,17,0,13,0.4733046889305115
PR-AUC,Multi WGAN-GP − SMOTENC,SMOTENC,0.01664855016725438,-0.018684068464439412,0.051981168798948166,0.3431632074997939,False,0.0061949919909238815,0.4795508843536217,23,0,7,0.030974959954619408
PR-AUC,Multi WGAN-GP − Borderline-SMOTE,Borderline-SMOTE,-0.0031169582572012485,-0.029763579116444217,0.02352966260204172,0.8126034749637387,False,0.5158484429121017,-0.11904823102341129,14,0,16,0.5158484429121017
PR-AUC,Multi WGAN-GP − ADASYN,ADASYN,0.011593723237932733,-0.020541310831846345,0.04372875730771181,0.46651618932389527,False,0.044907208532094955,0.3671793655023954,21,0,9,0.13472162559628487
PR-AUC,Multi WGAN-GP − Single WGAN-GP,Single WGAN-GP,0.03318317333949102,-0.00636952184121603,0.07273586852019807,0.09685278857894543,False,5.5925920605659485e-05,0.8538388987218261,23,0,7,0.0003355555236339569
ROC-AUC,Multi WGAN-GP − Baseline,Baseline,0.003001018133486666,-0.005453087951544106,0.011455124218517437,0.4736513592958822,False,0.10483990423381329,0.36127260392935157,18,0,12,0.41935961693525314
ROC-AUC,Multi WGAN-GP − RUS,RUS,0.004564677929131411,-0.0035850825109737085,0.012714438369236532,0.26135432263219904,False,0.007100609066184297,0.5700322150816118,19,1,10,0.042603654397105784
ROC-AUC,Multi WGAN-GP − SMOTE,SMOTE,-0.0006633274945806566,-0.009793326586137352,0.00846667159697604,0.8829029898161869,False,0.583757072687149,-0.07394202966763214,14,0,16,1.0
ROC-AUC,Multi WGAN-GP − SMOTENC,SMOTENC,0.0028018498285070415,-0.007960027157793821,0.013563726814807903,0.5984539131676578,False,0.2621222734451294,0.2649664785648955,17,0,13,0.7863668203353882
ROC-AUC,Multi WGAN-GP − Borderline-SMOTE,Borderline-SMOTE,0.0028811730289883524,-0.004196414491422186,0.009958760549398891,0.4118857636996818,False,0.047259049490094185,0.4143031116050361,19,0,11,0.23629524745047092
ROC-AUC,Multi WGAN-GP − ADASYN,ADASYN,0.0010509562121471434,-0.00833954078100056,0.010441453205294849,0.8205563346700393,False,0.7456546742469072,0.11390168440486899,17,0,13,1.0
ROC-AUC,Multi WGAN-GP − Single WGAN-GP,Single WGAN-GP,0.0071011300293043035,-0.0008078416592068862,0.015010101717815492,0.07658103558330152,False,3.7904828786849976e-06,0.9137797869494058,26,0,4,2.6533380150794983e-05
F1 @F1-opt,Multi WGAN-GP − Baseline,Baseline,-0.031212170105341462,-0.08083023475423598,0.018405894543553056,0.2084278253057429,False,0.0020201820880174637,-0.6402037997218946,8,0,22,0.012121092528104782
F1 @F1-opt,Multi WGAN-GP − RUS,RUS,0.0915881045885134,0.035547947918330186,0.1476282612586966,0.0022992296469856416,True,1.862645149230957e-09,1.6633124320094577,30,0,0,1.30385160446167e-08
F1 @F1-opt,Multi WGAN-GP − SMOTE,SMOTE,0.015403771872087546,-0.03368687810214492,0.06449442184632001,0.5260717506249496,False,0.15668192940348688,0.31934667503569614,15,1,14,0.4700457882104606
F1 @F1-opt,Multi WGAN-GP − SMOTENC,SMOTENC,0.01850116021034853,-0.02760048547033805,0.0646028058910351,0.41847003504448615,False,0.06666470877826214,0.40842906319378586,17,0,13,0.3333235438913107
F1 @F1-opt,Multi WGAN-GP − Borderline-SMOTE,Borderline-SMOTE,-0.0031186150393161414,-0.05075342221194059,0.04451619213330831,0.8944068551363809,False,0.3598779272288084,-0.06663025269169821,11,0,19,0.698422759771347
F1 @F1-opt,Multi WGAN-GP − ADASYN,ADASYN,0.018463883778197233,-0.0333774486441846,0.07030521620057907,0.47219082542984,False,0.09194962680339813,0.36247745963249206,20,0,10,0.36779850721359253
F1 @F1-opt,Multi WGAN-GP − Single WGAN-GP,Single WGAN-GP,0.011288482376446689,-0.0390112729799206,0.06158823773281398,0.6496567602501815,False,0.3492113798856735,0.22840404421408542,16,0,14,0.698422759771347
Recall @FPR 1%,Multi WGAN-GP − Baseline,Baseline,-0.03005630970336853,-0.09872871081845963,0.038616091411722564,0.3780772773519006,False,0.011855076465936443,-0.44543827047120227,6,3,21,0.07113045879561866
Recall @FPR 1%,Multi WGAN-GP − RUS,RUS,0.11383660130718956,-0.002418196018516061,0.23009139863289518,0.05463836133044479,False,0.00013294407756804898,0.9965638760014666,24,3,3,0.0009306085429763429
Recall @FPR 1%,Multi WGAN-GP − SMOTE,SMOTE,0.02291955756661639,-0.04973963643191845,0.09557875156515122,0.5239044791433801,False,0.09105639004224662,0.3210330588436774,16,4,10,0.27316917012673986
Recall @FPR 1%,Multi WGAN-GP − SMOTENC,SMOTENC,0.021008044243338356,-0.052055483347043505,0.09407157183372021,0.5610392008665257,False,0.17914067987765703,0.2926301633094568,14,6,10,0.27316917012673986
Recall @FPR 1%,Multi WGAN-GP − Borderline-SMOTE,Borderline-SMOTE,-0.01767471091000503,-0.08634911388245671,0.05099969206244666,0.6026271265004163,False,0.1180443073273055,-0.2619337915719959,10,3,17,0.27316917012673986
Recall @FPR 1%,Multi WGAN-GP − ADASYN,ADASYN,0.02466214177978884,-0.0480813118526737,0.09740559541225138,0.49358008813124354,False,0.05554355455818821,0.345041216953269,17,2,11,0.2368851659422384
Recall @FPR 1%,Multi WGAN-GP − Single WGAN-GP,Single WGAN-GP,0.030646556058320763,-0.04744126253908689,0.10873437465572841,0.4286913873628322,False,0.04737703318844768,0.3994224666035699,18,2,10,0.2368851659422384
Recall @FPR 2%,Multi WGAN-GP − Baseline,Baseline,-0.007893916540975366,-0.0623530096265983,0.04656517654464756,0.7689926268078761,False,0.36903605979108267,-0.14752180878406737,11,7,12,0.7380721195821653
Recall @FPR 2%,Multi WGAN-GP − RUS,RUS,0.09382704876822522,0.022440361422066304,0.1652137361143841,0.011778871257356055,True,5.490682889058816e-06,1.3376575030951292,26,2,2,3.8434780223411715e-05
Recall @FPR 2%,Multi WGAN-GP − SMOTE,SMOTE,0.025560080442433384,-0.04396177190007755,0.09508193278494431,0.4581472271035911,False,0.06402622215795521,0.3741751868967654,17,3,10,0.3201311107897761
Recall @FPR 2%,Multi WGAN-GP − SMOTENC,SMOTENC,0.03337807943690296,-0.024778977522871136,0.09153513639667707,0.25001795932761867,False,0.004081327530168323,0.584107827150596,22,2,6,0.02448796518100994
Recall @FPR 2%,Multi WGAN-GP − Borderline-SMOTE,Borderline-SMOTE,-0.0032800402212166883,-0.06153888679638689,0.05497880635395351,0.9091208067733184,False,0.8193206386475855,-0.05729957359002986,13,3,14,0.8193206386475855
Recall @FPR 2%,Multi WGAN-GP − ADASYN,ADASYN,0.020918552036199103,-0.05446254650164882,0.09629965057404703,0.5747022107278084,False,0.20316079226878359,0.28242508002156197,17,6,7,0.6094823768063508
Recall @FPR 2%,Multi WGAN-GP − Single WGAN-GP,Single WGAN-GP,0.020135746606334836,-0.0343094410058762,0.07458093421854588,0.4555118851136037,False,0.12452392086617774,0.3763936963997652,16,5,9,0.49809568346471095
Precision @recall 0.80,Multi WGAN-GP − Baseline,Baseline,-0.012641040608133838,-0.10705555497211997,0.08177347375585228,0.7861537940636727,False,0.4802415427194643,-0.13626306887339865,12,2,16,0.9043286852538586
Precision @recall 0.80,Multi WGAN-GP − RUS,RUS,0.19439529447921483,0.09962501945702322,0.2891655695014064,0.00023489604881196427,True,3.725290298461914e-09,2.087602028483971,29,0,1,2.60770320892334e-08
Precision @recall 0.80,Multi WGAN-GP − SMOTE,SMOTE,0.052303127329135765,-0.035322705543712044,0.1399289602019836,0.23200239829774652,False,0.001718590036034584,0.6074766665581074,23,0,7,0.006874360144138336
Precision @recall 0.80,Multi WGAN-GP − SMOTENC,SMOTENC,0.0703857273584254,-0.02054031956066514,0.16131177427751592,0.12421989395572436,False,0.00018860027194023132,0.7878261564430463,25,0,5,0.001131601631641388
Precision @recall 0.80,Multi WGAN-GP − Borderline-SMOTE,Borderline-SMOTE,0.012197597981825821,-0.07845935308422174,0.10285454904787338,0.7851298799292988,False,0.4521643426269293,0.13693274346030906,14,0,16,0.9043286852538586
Precision @recall 0.80,Multi WGAN-GP − ADASYN,ADASYN,0.07162404640388957,-0.026637777763894407,0.16988587057167354,0.14681488075575833,False,0.0003800932317972183,0.7418363902119388,23,0,7,0.0019004661589860916
Precision @recall 0.80,Multi WGAN-GP − Single WGAN-GP,Single WGAN-GP,0.05533340301877163,-0.04880376285622521,0.15947056889376848,0.28610444701477933,False,0.010598260909318924,0.5407739081556914,21,0,9,0.03179478272795677
Precision @recall 0.90,Multi WGAN-GP − Baseline,Baseline,0.0032649104044329977,-0.10305210813197917,0.10958192894084516,0.9503508112656909,False,0.9515264742076397,0.03125378222409057,16,0,14,1.0
Precision @recall 0.90,Multi WGAN-GP − RUS,RUS,0.061450643801433835,-0.0203778702844076,0.14327915788727527,0.13540183430929825,False,0.00046010687947273254,0.7642859486750966,24,0,6,0.0027606412768363953
Precision @recall 0.90,Multi WGAN-GP − SMOTE,SMOTE,0.004466260101459922,-0.09346956643756994,0.10240208664048979,0.9263300399579311,False,0.935398668050766,0.04641266662984271,15,0,15,1.0
Precision @recall 0.90,Multi WGAN-GP − SMOTENC,SMOTENC,0.010200065302863858,-0.0756824518543892,0.0960825824601169,0.8097872417167257,False,0.6120056137442589,0.12087383193422012,17,0,13,1.0
Precision @recall 0.90,Multi WGAN-GP − Borderline-SMOTE,Borderline-SMOTE,0.042530710138458896,-0.05002550158611291,0.1350869218630307,0.355078703940115,False,0.017453668639063835,0.4676610132303713,21,0,9,0.08726834319531918
Precision @recall 0.90,Multi WGAN-GP − ADASYN,ADASYN,0.03761358915862482,-0.058086918551123336,0.13331409686837298,0.42802651818481696,False,0.034536734223365784,0.4000042794891861,20,0,10,0.13814693689346313
Precision @recall 0.90,Multi WGAN-GP − Single WGAN-GP,Single WGAN-GP,0.08089773272544483,-0.013749203114414493,0.17554466856530415,0.09102397256534622,False,0.00012333691120147705,0.8698891111102252,24,0,6,0.0008633583784103394
Recall @0.5,Multi WGAN-GP − Baseline,Baseline,0.223780291603821,0.13781337782865702,0.30974720537898504,1.0311182641710787e-05,True,1.7278603148724103e-06,2.6492601235143995,30,0,0,1.1966146935369684e-05
Recall @0.5,Multi WGAN-GP − RUS,RUS,-0.07595575666163899,-0.11178892780726503,-0.04012258551601296,0.0001599176931059061,True,1.7094495621956692e-06,-2.1572950827231727,0,0,30,1.1966146935369684e-05
Recall @0.5,Multi WGAN-GP − SMOTE,SMOTE,0.07049924585218706,0.016446808532709488,0.12455168317166462,0.012371494230549004,True,4.415017453931306e-06,1.3274045206037195,27,2,1,1.7634878171537517e-05
Recall @0.5,Multi WGAN-GP − SMOTENC,SMOTENC,0.08558421317244848,0.022073897832675868,0.1490945285122211,0.010007434052947562,True,4.408719542884379e-06,1.3714611072122673,27,2,1,1.7634878171537517e-05
Recall @0.5,Multi WGAN-GP − Borderline-SMOTE,Borderline-SMOTE,0.11557767722473605,0.04716114238225455,0.18399421206721756,0.0017152222972967729,True,1.7180929312456739e-06,1.7192815029093356,30,0,0,1.1966146935369684e-05
Recall @0.5,Multi WGAN-GP − ADASYN,ADASYN,0.06538411261940674,0.009204244316754089,0.12156398092205939,0.02408892957201322,True,8.023700398287105e-06,1.1844742399162314,26,4,0,1.7634878171537517e-05
Recall @0.5,Multi WGAN-GP − Single WGAN-GP,Single WGAN-GP,0.01631623931623932,-0.027056277472880617,0.05968875610535926,0.4478825216326167,False,0.07496496337392594,0.38285960395290003,19,3,8,0.07496496337392594
