Operating point,Mechanism,Comparison,Mean diff,CI low,CI high,Significant
F1opt,Heat dissipation,Multi WGAN-GP − Baseline,-0.05098039215686276,-0.12594093801282963,0.023980153699104112,False
F1opt,Heat dissipation,Multi WGAN-GP − RUS,0.005882352941176468,-0.08890565320068364,0.10067035908303656,False
F1opt,Heat dissipation,Multi WGAN-GP − SMOTE,0.023529411764705885,-0.0495387288699128,0.09659755239932456,False
F1opt,Heat dissipation,Multi WGAN-GP − SMOTENC,0.02352941176470588,-0.047827293720213354,0.09488611724962512,False
F1opt,Heat dissipation,Multi WGAN-GP − Borderline-SMOTE,0.001960784313725487,-0.0637767331690274,0.06769830179647837,False
F1opt,Heat dissipation,Multi WGAN-GP − ADASYN,0.007843137254901959,-0.07034529508200019,0.08603156959180411,False
F1opt,Heat dissipation,Multi WGAN-GP − Single WGAN-GP,0.007843137254901962,-0.056468921382581125,0.07215519589238505,False
F1opt,Power,Multi WGAN-GP − Baseline,-0.002380952380952393,-0.1660311335150845,0.1612692287531797,False
F1opt,Power,Multi WGAN-GP − RUS,0.17857142857142852,0.021435058722863165,0.3357077984199939,True
F1opt,Power,Multi WGAN-GP − SMOTE,0.10238095238095236,-0.056981690937030746,0.26174359569893546,False
F1opt,Power,Multi WGAN-GP − SMOTENC,0.06904761904761902,-0.13875484742954258,0.27685008552478063,False
F1opt,Power,Multi WGAN-GP − Borderline-SMOTE,0.035714285714285705,-0.14413397698867186,0.21556254841724326,False
F1opt,Power,Multi WGAN-GP − ADASYN,0.07619047619047618,-0.13461567993278156,0.2869966323137339,False
F1opt,Power,Multi WGAN-GP − Single WGAN-GP,-0.06666666666666665,-0.26954381866193644,0.1362104853286031,False
F1opt,Overstrain,Multi WGAN-GP − Baseline,0.016919191919191914,-0.21297658055192725,0.2468149643903111,False
F1opt,Overstrain,Multi WGAN-GP − RUS,0.04141414141414141,-0.20634330460296701,0.2891715874312498,False
F1opt,Overstrain,Multi WGAN-GP − SMOTE,0.02348484848484848,-0.1699879366446268,0.21695763361432374,False
F1opt,Overstrain,Multi WGAN-GP − SMOTENC,-0.015656565656565657,-0.24392602325746168,0.2126128919443304,False
F1opt,Overstrain,Multi WGAN-GP − Borderline-SMOTE,-0.0037878787878787845,-0.23956519061771953,0.23198943304196196,False
F1opt,Overstrain,Multi WGAN-GP − ADASYN,-0.0010101010101010166,-0.251270089047385,0.24924988702718298,False
F1opt,Overstrain,Multi WGAN-GP − Single WGAN-GP,0.049747474747474756,-0.18564640909587854,0.28514135859082806,False
F1opt,Tool wear,Multi WGAN-GP − Baseline,0.0047619047619047615,-0.06649871245718028,0.0760225219809898,False
F1opt,Tool wear,Multi WGAN-GP − RUS,0.009523809523809523,-0.0910125376762486,0.11006015672386764,False
F1opt,Tool wear,Multi WGAN-GP − SMOTE,0.028571428571428567,-0.05151859104291047,0.1086614481857676,False
F1opt,Tool wear,Multi WGAN-GP − SMOTENC,0.0047619047619047615,-0.1128178553463541,0.12234166487016362,False
F1opt,Tool wear,Multi WGAN-GP − Borderline-SMOTE,0.033333333333333326,-0.049295114858431174,0.11596178152509783,False
F1opt,Tool wear,Multi WGAN-GP − ADASYN,0.0047619047619047615,-0.09968596986251634,0.10920977938632585,False
F1opt,Tool wear,Multi WGAN-GP − Single WGAN-GP,-0.052380952380952375,-0.18176658319315897,0.0770046784312542,False
F1opt,No mechanism recorded,Multi WGAN-GP − Baseline,0.0,0.0,0.0,False
F1opt,No mechanism recorded,Multi WGAN-GP − RUS,-0.016666666666666666,-0.1095726062633493,0.07623927293001598,False
F1opt,No mechanism recorded,Multi WGAN-GP − SMOTE,0.0,0.0,0.0,False
F1opt,No mechanism recorded,Multi WGAN-GP − SMOTENC,0.0,0.0,0.0,False
F1opt,No mechanism recorded,Multi WGAN-GP − Borderline-SMOTE,0.0,0.0,0.0,False
F1opt,No mechanism recorded,Multi WGAN-GP − ADASYN,0.0,0.0,0.0,False
F1opt,No mechanism recorded,Multi WGAN-GP − Single WGAN-GP,0.0,0.0,0.0,False
rec90,Heat dissipation,Multi WGAN-GP − Baseline,0.0,0.0,0.0,False
rec90,Heat dissipation,Multi WGAN-GP − RUS,0.0,0.0,0.0,False
rec90,Heat dissipation,Multi WGAN-GP − SMOTE,0.0,0.0,0.0,False
rec90,Heat dissipation,Multi WGAN-GP − SMOTENC,0.0,0.0,0.0,False
rec90,Heat dissipation,Multi WGAN-GP − Borderline-SMOTE,0.0,0.0,0.0,False
rec90,Heat dissipation,Multi WGAN-GP − ADASYN,0.0,0.0,0.0,False
rec90,Heat dissipation,Multi WGAN-GP − Single WGAN-GP,0.0,0.0,0.0,False
rec90,Power,Multi WGAN-GP − Baseline,0.014285714285714287,-0.044245292295664235,0.07281672086709282,False
rec90,Power,Multi WGAN-GP − RUS,0.05238095238095238,-0.030687401926918885,0.13544930668882366,False
rec90,Power,Multi WGAN-GP − SMOTE,0.030952380952380953,-0.039666042779647415,0.10157080468440932,False
rec90,Power,Multi WGAN-GP − SMOTENC,0.02380952380952381,-0.05334465954116714,0.10096370716021476,False
rec90,Power,Multi WGAN-GP − Borderline-SMOTE,0.00476190476190476,-0.03764067662995663,0.04716448615376615,False
rec90,Power,Multi WGAN-GP − ADASYN,0.01904761904761905,-0.04407694046657572,0.08217217856181382,False
rec90,Power,Multi WGAN-GP − Single WGAN-GP,0.004761904761904763,-0.041740074689383615,0.051263884213193146,False
rec90,Overstrain,Multi WGAN-GP − Baseline,0.008333333333333333,-0.025809753839137452,0.042476420505804115,False
rec90,Overstrain,Multi WGAN-GP − RUS,0.011111111111111108,-0.03192343628182489,0.0541456585040471,False
rec90,Overstrain,Multi WGAN-GP − SMOTE,0.017171717171717175,-0.03531377374297413,0.06965720808640848,False
rec90,Overstrain,Multi WGAN-GP − SMOTENC,0.0143939393939394,-0.018959535228044524,0.04774741401592332,False
rec90,Overstrain,Multi WGAN-GP − Borderline-SMOTE,0.008333333333333333,-0.025809753839137452,0.042476420505804115,False
rec90,Overstrain,Multi WGAN-GP − ADASYN,0.017171717171717175,-0.024811598027745938,0.05915503237118029,False
rec90,Overstrain,Multi WGAN-GP − Single WGAN-GP,0.005555555555555554,-0.025413090976672,0.036524202087783106,False
rec90,Tool wear,Multi WGAN-GP − Baseline,-0.09523809523809522,-0.2948554795978026,0.10437928912161216,False
rec90,Tool wear,Multi WGAN-GP − RUS,-0.19047619047619055,-0.3788206566233959,-0.002131724328985174,True
rec90,Tool wear,Multi WGAN-GP − SMOTE,-0.05238095238095238,-0.2631871085042101,0.15842520374230534,False
rec90,Tool wear,Multi WGAN-GP − SMOTENC,-0.09523809523809522,-0.35513363990441277,0.1646574494282223,False
rec90,Tool wear,Multi WGAN-GP − Borderline-SMOTE,-0.0952380952380952,-0.3285304172429047,0.1380542267667143,False
rec90,Tool wear,Multi WGAN-GP − ADASYN,-0.08571428571428569,-0.3103041285223135,0.13887555709374208,False
rec90,Tool wear,Multi WGAN-GP − Single WGAN-GP,-0.028571428571428567,-0.232046510398438,0.17490365325558088,False
rec90,No mechanism recorded,Multi WGAN-GP − Baseline,0.016666666666666666,-0.3489008945188072,0.3822342278521405,False
rec90,No mechanism recorded,Multi WGAN-GP − RUS,0.0,-0.40090489673964436,0.40090489673964436,False
rec90,No mechanism recorded,Multi WGAN-GP − SMOTE,0.03333333333333333,-0.3430652301636418,0.4097318968303085,False
rec90,No mechanism recorded,Multi WGAN-GP − SMOTENC,0.05,-0.3122961973133176,0.41229619731331757,False
rec90,No mechanism recorded,Multi WGAN-GP − Borderline-SMOTE,0.03333333333333333,-0.31854388186687016,0.3852105485335368,False
rec90,No mechanism recorded,Multi WGAN-GP − ADASYN,0.03333333333333333,-0.3430652301636418,0.4097318968303085,False
rec90,No mechanism recorded,Multi WGAN-GP − Single WGAN-GP,0.08333333333333333,-0.319423327979615,0.4860899946462816,False
t0.5,Heat dissipation,Multi WGAN-GP − Baseline,0.03921568627450981,-0.006169127461190763,0.08460050001021038,False
t0.5,Heat dissipation,Multi WGAN-GP − RUS,0.0,0.0,0.0,False
t0.5,Heat dissipation,Multi WGAN-GP − SMOTE,0.013725490196078435,-0.016447732079282067,0.043898712471438936,False
t0.5,Heat dissipation,Multi WGAN-GP − SMOTENC,0.021568627450980395,-0.015246262296625065,0.05838351719858585,False
t0.5,Heat dissipation,Multi WGAN-GP − Borderline-SMOTE,0.03137254901960785,-0.017676656674457232,0.08042175471367294,False
t0.5,Heat dissipation,Multi WGAN-GP − ADASYN,0.005882352941176472,-0.012384682217478201,0.024149388099831144,False
t0.5,Heat dissipation,Multi WGAN-GP − Single WGAN-GP,0.009803921568627453,-0.025642751108406463,0.045250594245661364,False
t0.5,Power,Multi WGAN-GP − Baseline,0.319047619047619,0.15291091043187655,0.4851843276633615,True
t0.5,Power,Multi WGAN-GP − RUS,-0.01428571428571429,-0.06621805837916098,0.03764662980773239,False
t0.5,Power,Multi WGAN-GP − SMOTE,0.09047619047619047,-0.012212189243056115,0.19316457019543706,False
t0.5,Power,Multi WGAN-GP − SMOTENC,0.11904761904761904,0.000849556200575946,0.23724568189466214,True
t0.5,Power,Multi WGAN-GP − Borderline-SMOTE,0.1357142857142857,0.017490530428541803,0.2539380410000296,True
t0.5,Power,Multi WGAN-GP − ADASYN,0.10952380952380954,0.01458071311471408,0.204466905932905,True
t0.5,Power,Multi WGAN-GP − Single WGAN-GP,0.011904761904761902,-0.04563190399708785,0.06944142780661165,False
t0.5,Overstrain,Multi WGAN-GP − Baseline,0.3921717171717172,0.2083888274990065,0.5759546068444279,True
t0.5,Overstrain,Multi WGAN-GP − RUS,0.002525252525252523,-0.0332584552602442,0.03830896031074924,False
t0.5,Overstrain,Multi WGAN-GP − SMOTE,0.11237373737373738,-0.012262189863559786,0.23700966461103454,False
t0.5,Overstrain,Multi WGAN-GP − SMOTENC,0.11439393939393941,-0.027749540030693187,0.256537418818572,False
t0.5,Overstrain,Multi WGAN-GP − Borderline-SMOTE,0.17297979797979798,0.014851915874473431,0.33110768008512254,True
t0.5,Overstrain,Multi WGAN-GP − ADASYN,0.09797979797979799,-0.017590775192122612,0.2135503711517186,False
t0.5,Overstrain,Multi WGAN-GP − Single WGAN-GP,0.03232323232323233,-0.03253061441169421,0.09717707905815887,False
t0.5,Tool wear,Multi WGAN-GP − Baseline,0.24285714285714285,0.08473811922067293,0.4009761664936128,True
t0.5,Tool wear,Multi WGAN-GP − RUS,-0.49523809523809526,-0.7266481534990288,-0.2638280369771617,True
t0.5,Tool wear,Multi WGAN-GP − SMOTE,0.10476190476190475,-0.08202811005035551,0.29155191957416504,False
t0.5,Tool wear,Multi WGAN-GP − SMOTENC,0.13809523809523808,-0.0727109180280196,0.34890139421849575,False
t0.5,Tool wear,Multi WGAN-GP − Borderline-SMOTE,0.19999999999999998,0.03981996077132191,0.36018003922867803,True
t0.5,Tool wear,Multi WGAN-GP − ADASYN,0.07619047619047618,-0.11749635082614264,0.269877303207095,False
t0.5,Tool wear,Multi WGAN-GP − Single WGAN-GP,0.009523809523809521,-0.18112857144832223,0.20017619049594126,False
t0.5,No mechanism recorded,Multi WGAN-GP − Baseline,0.05,-0.15485852303482478,0.25485852303482476,False
t0.5,No mechanism recorded,Multi WGAN-GP − RUS,-0.18333333333333332,-0.6361830411760564,0.2695163745093897,False
t0.5,No mechanism recorded,Multi WGAN-GP − SMOTE,0.05,-0.15485852303482478,0.25485852303482476,False
t0.5,No mechanism recorded,Multi WGAN-GP − SMOTENC,0.016666666666666666,-0.26629044972111193,0.29962378305444526,False
t0.5,No mechanism recorded,Multi WGAN-GP − Borderline-SMOTE,0.05,-0.15485852303482478,0.25485852303482476,False
t0.5,No mechanism recorded,Multi WGAN-GP − ADASYN,0.016666666666666666,-0.26629044972111193,0.29962378305444526,False
t0.5,No mechanism recorded,Multi WGAN-GP − Single WGAN-GP,0.05,-0.15485852303482478,0.25485852303482476,False
