Operating point,Mechanism,Strategy,Support per split (mean),Support total,Recall mean,CI low,CI high,Pooled recall,Missed total
F1opt,Heat dissipation,Baseline,17.0,510,0.9862745098039216,0.9605208773545096,1.0,0.9862745098039216,7
F1opt,Heat dissipation,RUS,17.0,510,0.9294117647058824,0.8427279585629655,1.0,0.9294117647058824,36
F1opt,Heat dissipation,SMOTE,17.0,510,0.911764705882353,0.8335499341704956,0.9899794775942105,0.9117647058823529,45
F1opt,Heat dissipation,SMOTENC,17.0,510,0.911764705882353,0.8274661557969951,0.996063255967711,0.9117647058823529,45
F1opt,Heat dissipation,Borderline-SMOTE,17.0,510,0.9333333333333333,0.8567418377665055,1.0,0.9333333333333333,34
F1opt,Heat dissipation,ADASYN,17.0,510,0.9274509803921569,0.85424202609708,1.0,0.9274509803921569,37
F1opt,Heat dissipation,Single WGAN-GP,17.0,510,0.9274509803921569,0.8417950345734928,1.0,0.9274509803921569,37
F1opt,Heat dissipation,Multi WGAN-GP,17.0,510,0.9352941176470588,0.8643717235946385,1.0,0.9352941176470588,33
F1opt,Power,Baseline,14.0,420,0.745238095238095,0.5858754519201119,0.9046007385560781,0.7452380952380953,107
F1opt,Power,RUS,14.0,420,0.5642857142857144,0.40190242519327,0.7266690033781588,0.5642857142857143,183
F1opt,Power,SMOTE,14.0,420,0.6404761904761905,0.46604587881224724,0.8149065021401338,0.6404761904761904,151
F1opt,Power,SMOTENC,14.0,420,0.6738095238095237,0.4991703968533364,0.8484486507657111,0.6738095238095239,137
F1opt,Power,Borderline-SMOTE,14.0,420,0.7071428571428571,0.5236832259964584,0.8906024882892557,0.7071428571428572,123
F1opt,Power,ADASYN,14.0,420,0.6666666666666664,0.46523178759404804,0.8681015457392848,0.6666666666666666,140
F1opt,Power,Single WGAN-GP,14.0,420,0.8095238095238094,0.6300982225231693,0.9889493965244496,0.8095238095238095,80
F1opt,Power,Multi WGAN-GP,14.0,420,0.7428571428571427,0.5942436032243299,0.8914706824899554,0.7428571428571429,108
F1opt,Overstrain,Baseline,11.433333333333334,343,0.7383838383838384,0.5612222483799558,0.9155454283877209,0.7376093294460642,90
F1opt,Overstrain,RUS,11.433333333333334,343,0.7138888888888888,0.5450456691761378,0.8827321086016398,0.7142857142857143,98
F1opt,Overstrain,SMOTE,11.433333333333334,343,0.7318181818181818,0.5649420627927887,0.8986943008435749,0.7317784256559767,92
F1opt,Overstrain,SMOTENC,11.433333333333334,343,0.7709595959595958,0.5940185615996694,0.9479006303195223,0.7696793002915452,79
F1opt,Overstrain,Borderline-SMOTE,11.433333333333334,343,0.7590909090909091,0.5832222210610288,0.9349595971207895,0.7580174927113703,83
F1opt,Overstrain,ADASYN,11.433333333333334,343,0.7563131313131312,0.5842898939873109,0.9283363686389514,0.7551020408163265,84
F1opt,Overstrain,Single WGAN-GP,11.433333333333334,343,0.7055555555555556,0.5425427393260406,0.8685683717850706,0.7055393586005831,101
F1opt,Overstrain,Multi WGAN-GP,11.433333333333334,343,0.7553030303030304,0.5844147751259692,0.9261912854800916,0.7551020408163265,84
F1opt,Tool wear,Baseline,7.0,210,0.06190476190476189,0.0,0.17441584312653727,0.06190476190476191,197
F1opt,Tool wear,RUS,7.0,210,0.057142857142857134,0.0,0.14749658493512569,0.05714285714285714,198
F1opt,Tool wear,SMOTE,7.0,210,0.03809523809523809,0.0,0.12290040087896087,0.0380952380952381,202
F1opt,Tool wear,SMOTENC,7.0,210,0.06190476190476189,0.0,0.16773917342065062,0.06190476190476191,197
F1opt,Tool wear,Borderline-SMOTE,7.0,210,0.033333333333333326,0.0,0.10661115885920883,0.03333333333333333,203
F1opt,Tool wear,ADASYN,7.0,210,0.06190476190476189,0.0,0.14453321009652637,0.06190476190476191,197
F1opt,Tool wear,Single WGAN-GP,7.0,210,0.11904761904761903,0.0,0.25715321140186853,0.11904761904761904,185
F1opt,Tool wear,Multi WGAN-GP,7.0,210,0.06666666666666665,0.0,0.15808970656469504,0.06666666666666667,196
F1opt,No mechanism recorded,Baseline,1.5,45,0.0,0.0,0.0,0.0,45
F1opt,No mechanism recorded,RUS,1.5,45,0.016666666666666666,0.0,0.1095726062633493,0.022222222222222223,44
F1opt,No mechanism recorded,SMOTE,1.5,45,0.0,0.0,0.0,0.0,45
F1opt,No mechanism recorded,SMOTENC,1.5,45,0.0,0.0,0.0,0.0,45
F1opt,No mechanism recorded,Borderline-SMOTE,1.5,45,0.0,0.0,0.0,0.0,45
F1opt,No mechanism recorded,ADASYN,1.5,45,0.0,0.0,0.0,0.0,45
F1opt,No mechanism recorded,Single WGAN-GP,1.5,45,0.0,0.0,0.0,0.0,45
F1opt,No mechanism recorded,Multi WGAN-GP,1.5,45,0.0,0.0,0.0,0.0,45
rec90,Heat dissipation,Baseline,17.0,510,1.0,1.0,1.0,1.0,0
rec90,Heat dissipation,RUS,17.0,510,1.0,1.0,1.0,1.0,0
rec90,Heat dissipation,SMOTE,17.0,510,1.0,1.0,1.0,1.0,0
rec90,Heat dissipation,SMOTENC,17.0,510,1.0,1.0,1.0,1.0,0
rec90,Heat dissipation,Borderline-SMOTE,17.0,510,1.0,1.0,1.0,1.0,0
rec90,Heat dissipation,ADASYN,17.0,510,1.0,1.0,1.0,1.0,0
rec90,Heat dissipation,Single WGAN-GP,17.0,510,1.0,1.0,1.0,1.0,0
rec90,Heat dissipation,Multi WGAN-GP,17.0,510,1.0,1.0,1.0,1.0,0
rec90,Power,Baseline,14.0,420,0.9666666666666667,0.9102493944122146,1.0,0.9666666666666667,14
rec90,Power,RUS,14.0,420,0.9285714285714285,0.8453569556733943,1.0,0.9285714285714286,30
rec90,Power,SMOTE,14.0,420,0.9499999999999998,0.8781874603126041,1.0,0.95,21
rec90,Power,SMOTENC,14.0,420,0.9571428571428571,0.8841973590690118,1.0,0.9571428571428572,18
rec90,Power,Borderline-SMOTE,14.0,420,0.9761904761904762,0.9364499955922667,1.0,0.9761904761904762,10
rec90,Power,ADASYN,14.0,420,0.9619047619047619,0.9023450121333972,1.0,0.9619047619047619,16
rec90,Power,Single WGAN-GP,14.0,420,0.9761904761904763,0.9321023714186529,1.0,0.9761904761904762,10
rec90,Power,Multi WGAN-GP,14.0,420,0.980952380952381,0.9430904776127599,1.0,0.9809523809523809,8
rec90,Overstrain,Baseline,11.433333333333334,343,0.9916666666666667,0.9575235794941959,1.0,0.9912536443148688,3
rec90,Overstrain,RUS,11.433333333333334,343,0.9888888888888889,0.9458543414959529,1.0,0.9883381924198251,4
rec90,Overstrain,SMOTE,11.433333333333334,343,0.9828282828282829,0.9303427919135916,1.0,0.9825072886297376,6
rec90,Overstrain,SMOTENC,11.433333333333334,343,0.9856060606060606,0.9522525859840767,1.0,0.9854227405247813,5
rec90,Overstrain,Borderline-SMOTE,11.433333333333334,343,0.9916666666666667,0.9575235794941959,1.0,0.9912536443148688,3
rec90,Overstrain,ADASYN,11.433333333333334,343,0.9828282828282828,0.9408449676288198,1.0,0.9825072886297376,6
rec90,Overstrain,Single WGAN-GP,11.433333333333334,343,0.9944444444444446,0.963475797912217,1.0,0.9941690962099126,2
rec90,Overstrain,Multi WGAN-GP,11.433333333333334,343,1.0,1.0,1.0,1.0,0
rec90,Tool wear,Baseline,7.0,210,0.4952380952380953,0.27347887253474684,0.7169973179414437,0.49523809523809526,106
rec90,Tool wear,RUS,7.0,210,0.5904761904761905,0.3858104894657354,0.7951418914866456,0.5904761904761905,86
rec90,Tool wear,SMOTE,7.0,210,0.4523809523809524,0.21064904606212054,0.6941128586997842,0.4523809523809524,115
rec90,Tool wear,SMOTENC,7.0,210,0.4952380952380952,0.23144529175609785,0.7590308987200926,0.49523809523809526,106
rec90,Tool wear,Borderline-SMOTE,7.0,210,0.49523809523809526,0.26382803697716173,0.7266481534990288,0.49523809523809526,106
rec90,Tool wear,ADASYN,7.0,210,0.48571428571428565,0.24544422687126854,0.7259843445573028,0.4857142857142857,108
rec90,Tool wear,Single WGAN-GP,7.0,210,0.42857142857142866,0.1870909335596404,0.670051923583217,0.42857142857142855,120
rec90,Tool wear,Multi WGAN-GP,7.0,210,0.4,0.21139770420964024,0.5886022957903598,0.4,126
rec90,No mechanism recorded,Baseline,1.5,45,0.15,0.0,0.4814039374495225,0.13333333333333333,39
rec90,No mechanism recorded,RUS,1.5,45,0.16666666666666666,0.0,0.5285518641910539,0.13333333333333333,39
rec90,No mechanism recorded,SMOTE,1.5,45,0.13333333333333333,0.0,0.4588471894923518,0.1111111111111111,40
rec90,No mechanism recorded,SMOTENC,1.5,45,0.11666666666666667,0.0,0.4352489865545257,0.08888888888888889,41
rec90,No mechanism recorded,Borderline-SMOTE,1.5,45,0.13333333333333333,0.0,0.4588471894923518,0.1111111111111111,40
rec90,No mechanism recorded,ADASYN,1.5,45,0.13333333333333333,0.0,0.4588471894923518,0.1111111111111111,40
rec90,No mechanism recorded,Single WGAN-GP,1.5,45,0.08333333333333333,0.0,0.3533729750607516,0.06666666666666667,42
rec90,No mechanism recorded,Multi WGAN-GP,1.5,45,0.16666666666666666,0.0,0.5285518641910539,0.13333333333333333,39
t0.5,Heat dissipation,Baseline,17.0,510,0.9607843137254902,0.9153994999897896,1.0,0.9607843137254902,20
t0.5,Heat dissipation,RUS,17.0,510,1.0,1.0,1.0,1.0,0
t0.5,Heat dissipation,SMOTE,17.0,510,0.9862745098039216,0.9561012875285612,1.0,0.9862745098039216,7
t0.5,Heat dissipation,SMOTENC,17.0,510,0.9784313725490197,0.9416164828014142,1.0,0.9784313725490196,11
t0.5,Heat dissipation,Borderline-SMOTE,17.0,510,0.9686274509803923,0.9195782452863271,1.0,0.9686274509803922,16
t0.5,Heat dissipation,ADASYN,17.0,510,0.9941176470588236,0.9758506119001689,1.0,0.9941176470588236,3
t0.5,Heat dissipation,Single WGAN-GP,17.0,510,0.9901960784313726,0.9547494057543386,1.0,0.9901960784313726,5
t0.5,Heat dissipation,Multi WGAN-GP,17.0,510,1.0,1.0,1.0,1.0,0
t0.5,Power,Baseline,14.0,420,0.6357142857142858,0.4635270932921086,0.807901478136463,0.6357142857142857,153
t0.5,Power,RUS,14.0,420,0.9690476190476189,0.919694042874924,1.0,0.969047619047619,13
t0.5,Power,SMOTE,14.0,420,0.8642857142857142,0.749185992542027,0.9793854360294014,0.8642857142857143,57
t0.5,Power,SMOTENC,14.0,420,0.8357142857142856,0.7177992091675415,0.9536293622610298,0.8357142857142857,69
t0.5,Power,Borderline-SMOTE,14.0,420,0.8190476190476189,0.6885401265116411,0.9495551115835967,0.819047619047619,76
t0.5,Power,ADASYN,14.0,420,0.8452380952380952,0.733784752856781,0.9566914376194094,0.8452380952380952,65
t0.5,Power,Single WGAN-GP,14.0,420,0.942857142857143,0.8843261362757644,1.0,0.9428571428571428,24
t0.5,Power,Multi WGAN-GP,14.0,420,0.9547619047619048,0.8959720247077754,1.0,0.9547619047619048,19
t0.5,Overstrain,Baseline,11.433333333333334,343,0.6047979797979798,0.4191463155583085,0.7904496440376511,0.6034985422740525,136
t0.5,Overstrain,RUS,11.433333333333334,343,0.9944444444444446,0.963475797912217,1.0,0.9941690962099126,2
t0.5,Overstrain,SMOTE,11.433333333333334,343,0.8845959595959597,0.7617557926760754,1.0,0.8833819241982507,40
t0.5,Overstrain,SMOTENC,11.433333333333334,343,0.8825757575757578,0.7441673590310034,1.0,0.880466472303207,41
t0.5,Overstrain,Borderline-SMOTE,11.433333333333334,343,0.8239898989898989,0.6666469453217754,0.9813328526580225,0.8221574344023324,61
t0.5,Overstrain,ADASYN,11.433333333333334,343,0.898989898989899,0.7875660878331985,1.0,0.8979591836734694,35
t0.5,Overstrain,Single WGAN-GP,11.433333333333334,343,0.9646464646464648,0.8992136291428352,1.0,0.9650145772594753,12
t0.5,Overstrain,Multi WGAN-GP,11.433333333333334,343,0.996969696969697,0.9800777079521182,1.0,0.9970845481049563,1
t0.5,Tool wear,Baseline,7.0,210,0.03333333333333333,0.0,0.10661115885920883,0.03333333333333333,203
t0.5,Tool wear,RUS,7.0,210,0.7714285714285716,0.5981337152509105,0.9447234276062326,0.7714285714285715,48
t0.5,Tool wear,SMOTE,7.0,210,0.17142857142857143,0.03697792198405267,0.30587922087309016,0.17142857142857143,174
t0.5,Tool wear,SMOTENC,7.0,210,0.13809523809523808,0.0,0.2931105442574519,0.1380952380952381,181
t0.5,Tool wear,Borderline-SMOTE,7.0,210,0.07619047619047617,0.0,0.1823686928723992,0.0761904761904762,194
t0.5,Tool wear,ADASYN,7.0,210,0.2,0.04919547919991282,0.35080452080008717,0.2,168
t0.5,Tool wear,Single WGAN-GP,7.0,210,0.26666666666666666,0.09281189027017722,0.4405214430631561,0.26666666666666666,154
t0.5,Tool wear,Multi WGAN-GP,7.0,210,0.27619047619047615,0.11005376757473365,0.4423271848062187,0.2761904761904762,152
t0.5,No mechanism recorded,Baseline,1.5,45,0.0,0.0,0.0,0.0,45
t0.5,No mechanism recorded,RUS,1.5,45,0.23333333333333334,0.0,0.6282542391144976,0.2,36
t0.5,No mechanism recorded,SMOTE,1.5,45,0.0,0.0,0.0,0.0,45
t0.5,No mechanism recorded,SMOTENC,1.5,45,0.03333333333333333,0.0,0.2191452125266986,0.022222222222222223,44
t0.5,No mechanism recorded,Borderline-SMOTE,1.5,45,0.0,0.0,0.0,0.0,45
t0.5,No mechanism recorded,ADASYN,1.5,45,0.03333333333333333,0.0,0.21914521252669866,0.022222222222222223,44
t0.5,No mechanism recorded,Single WGAN-GP,1.5,45,0.0,0.0,0.0,0.0,45
t0.5,No mechanism recorded,Multi WGAN-GP,1.5,45,0.05,0.0,0.25485852303482476,0.044444444444444446,43
