split,method,k,max_depth,min_samples_leaf,val_PR_AUC,fit_seconds
1,Baseline,,20,1,0.8200387918700366,3.0
1,RUS,,20,3,0.6777435731646194,1.9
1,SMOTE,7,20,3,0.8261224238729021,11.9
1,SMOTENC,3,20,3,0.8047557819577431,12.1
1,Borderline-SMOTE,7,20,3,0.8216749030452569,11.8
1,ADASYN,3,20,1,0.813980412507932,12.1
1,Single WGAN-GP,,20,1,0.7329258190550202,214.0
1,Multi WGAN-GP,,20,1,0.7917057909357004,490.3
2,Baseline,,10,1,0.8578975907294545,2.5
2,RUS,,20,1,0.7106994378671133,1.8
2,SMOTE,7,20,3,0.8462837420754376,11.7
2,SMOTENC,3,20,3,0.8406892349594297,12.0
2,Borderline-SMOTE,3,20,3,0.8603988601348982,11.7
2,ADASYN,3,20,3,0.8294200428027967,12.0
2,Single WGAN-GP,,20,1,0.7718543460421018,204.6
2,Multi WGAN-GP,,20,3,0.8281298697702569,430.8
3,Baseline,,20,3,0.8833106168108155,2.5
3,RUS,,20,3,0.7399401518771554,1.8
3,SMOTE,3,10,3,0.8650459446846688,12.2
3,SMOTENC,3,10,1,0.8531070650084875,12.4
3,Borderline-SMOTE,3,10,3,0.8698319400615304,11.9
3,ADASYN,3,20,3,0.8512334033393898,12.2
3,Single WGAN-GP,,20,1,0.7784619535526929,189.2
3,Multi WGAN-GP,,20,1,0.8647701557065479,468.9
4,Baseline,,20,1,0.820880060046736,2.6
4,RUS,,10,1,0.6446837302068571,1.8
4,SMOTE,5,20,3,0.7670542978231898,12.0
4,SMOTENC,5,20,3,0.7501334699576562,12.1
4,Borderline-SMOTE,3,20,1,0.7834695196454038,11.7
4,ADASYN,5,20,3,0.7350204922677122,12.3
4,Single WGAN-GP,,20,1,0.7212577202481305,204.9
4,Multi WGAN-GP,,20,1,0.826418708249615,516.1
5,Baseline,,20,3,0.8182286801698829,2.5
5,RUS,,20,3,0.6242630256758467,1.9
5,SMOTE,3,10,3,0.784840313870346,11.7
5,SMOTENC,3,20,3,0.7731489592943241,11.9
5,Borderline-SMOTE,3,20,3,0.7775081440607068,11.7
5,ADASYN,3,20,3,0.748121699956441,12.0
5,Single WGAN-GP,,20,3,0.6514395322120243,203.2
5,Multi WGAN-GP,,10,3,0.7759207267467103,584.2
6,Baseline,,20,1,0.856094350631037,2.4
6,RUS,,20,1,0.7818035954926817,1.8
6,SMOTE,3,10,3,0.8217972402102416,11.6
6,SMOTENC,3,10,3,0.8140094233459982,11.9
6,Borderline-SMOTE,3,20,1,0.8432974752729839,11.4
6,ADASYN,5,20,3,0.8034199202068598,11.9
6,Single WGAN-GP,,10,1,0.7973073109825146,262.7
6,Multi WGAN-GP,,20,1,0.8189475886569837,743.5
7,Baseline,,20,1,0.798156859730787,2.7
7,RUS,,20,1,0.7509601490881628,1.9
7,SMOTE,5,10,3,0.7603744911981215,12.5
7,SMOTENC,7,10,3,0.7476741005052356,12.6
7,Borderline-SMOTE,7,20,3,0.7646624327135179,12.2
7,ADASYN,7,20,3,0.7356829339152985,12.7
7,Single WGAN-GP,,20,1,0.8296597055346734,204.9
7,Multi WGAN-GP,,10,3,0.8210484477594127,448.3
8,Baseline,,20,1,0.819269934617926,2.7
8,RUS,,10,3,0.5812556028039173,1.9
8,SMOTE,7,20,3,0.8105695630716229,12.6
8,SMOTENC,3,20,3,0.8057435352008189,12.6
8,Borderline-SMOTE,3,20,1,0.8237292986195488,12.0
8,ADASYN,7,20,3,0.8069283246957272,12.8
8,Single WGAN-GP,,20,3,0.6959571974324468,209.7
8,Multi WGAN-GP,,20,3,0.8128995402946826,568.8
9,Baseline,,20,3,0.8094773258939081,2.5
9,RUS,,10,1,0.686362789971308,1.8
9,SMOTE,5,20,3,0.7897796966946736,12.1
9,SMOTENC,3,20,1,0.8090634833686523,12.1
9,Borderline-SMOTE,3,20,3,0.7915325473363263,11.6
9,ADASYN,3,20,3,0.7785949488926049,12.0
9,Single WGAN-GP,,20,3,0.6248630208022201,189.4
9,Multi WGAN-GP,,20,3,0.7613661864036856,471.8
10,Baseline,,20,1,0.7592489291547648,2.8
10,RUS,,10,3,0.7024692591191621,1.8
10,SMOTE,5,20,3,0.7806494376810443,11.8
10,SMOTENC,5,20,3,0.7780865465655308,11.8
10,Borderline-SMOTE,5,20,3,0.7703503778748291,11.3
10,ADASYN,5,20,1,0.7673917719454209,12.3
10,Single WGAN-GP,,20,3,0.7927148466709377,260.3
10,Multi WGAN-GP,,10,1,0.7651150571791441,499.5
11,Baseline,,20,1,0.7685260908173845,2.5
11,RUS,,10,3,0.6084775231221573,1.8
11,SMOTE,5,20,3,0.763112144460799,12.1
11,SMOTENC,7,10,3,0.7462066807637084,12.1
11,Borderline-SMOTE,3,20,1,0.763720305698102,11.8
11,ADASYN,7,20,3,0.7439230808932447,12.3
11,Single WGAN-GP,,10,3,0.7258537877507439,200.8
11,Multi WGAN-GP,,20,3,0.7992216875123285,447.8
12,Baseline,,20,3,0.8140748951230188,2.6
12,RUS,,10,3,0.7275630378375862,1.8
12,SMOTE,3,20,3,0.8102650521209541,12.2
12,SMOTENC,3,20,3,0.8090743842979932,12.5
12,Borderline-SMOTE,7,10,1,0.8082182804406964,12.1
12,ADASYN,3,20,3,0.7855425702771669,12.7
12,Single WGAN-GP,,20,3,0.8285482175428085,299.4
12,Multi WGAN-GP,,20,1,0.7969290586227885,520.8
13,Baseline,,10,1,0.7823585476700792,2.5
13,RUS,,10,1,0.6716307493537141,1.8
13,SMOTE,3,10,3,0.7652301315108626,12.2
13,SMOTENC,3,20,1,0.7523785949877119,12.5
13,Borderline-SMOTE,3,20,1,0.7557154598698859,11.8
13,ADASYN,3,20,1,0.75586458351845,12.3
13,Single WGAN-GP,,20,1,0.7269827409477595,191.8
13,Multi WGAN-GP,,20,1,0.7775242049478843,482.7
14,Baseline,,10,1,0.8609072094753177,2.5
14,RUS,,20,3,0.7959110629661754,1.8
14,SMOTE,3,10,1,0.8308482471661497,11.8
14,SMOTENC,3,20,3,0.8375753938220177,12.1
14,Borderline-SMOTE,5,20,1,0.8513644170139938,11.7
14,ADASYN,5,20,3,0.8133702216085213,12.2
14,Single WGAN-GP,,20,1,0.7573681720990277,206.0
14,Multi WGAN-GP,,20,1,0.7662676698457126,785.3
15,Baseline,,20,3,0.7844854906940517,2.6
15,RUS,,20,3,0.7286236305731792,1.8
15,SMOTE,3,10,3,0.756312655967646,12.5
15,SMOTENC,7,20,3,0.7511601460330214,13.1
15,Borderline-SMOTE,3,20,3,0.7863556312451502,11.7
15,ADASYN,3,20,3,0.7428838936150081,12.3
15,Single WGAN-GP,,20,1,0.722142057620909,193.5
15,Multi WGAN-GP,,20,3,0.7399689888332951,551.8
16,Baseline,,20,1,0.8420128039819703,2.6
16,RUS,,10,3,0.6676295891891953,1.9
16,SMOTE,3,20,3,0.8536243421517035,12.2
16,SMOTENC,3,20,1,0.8458871882184397,12.4
16,Borderline-SMOTE,7,20,1,0.8399753031272892,12.0
16,ADASYN,7,20,3,0.8534023969404511,12.6
16,Single WGAN-GP,,20,1,0.7697710532155223,252.6
16,Multi WGAN-GP,,20,3,0.8169319687938897,527.8
17,Baseline,,20,1,0.8252270461989992,2.6
17,RUS,,20,3,0.6825726310282753,1.8
17,SMOTE,3,20,3,0.8234081331263577,12.4
17,SMOTENC,5,20,1,0.8239907945102027,12.8
17,Borderline-SMOTE,7,20,1,0.8245254825839039,12.3
17,ADASYN,7,20,3,0.8169955361638844,12.6
17,Single WGAN-GP,,20,1,0.8156409658085776,196.9
17,Multi WGAN-GP,,10,1,0.8182124494163381,485.6
18,Baseline,,20,3,0.8256780136349776,2.6
18,RUS,,10,3,0.7377118450743906,1.8
18,SMOTE,3,20,1,0.8498569049405879,12.2
18,SMOTENC,3,20,1,0.8416497513942378,12.5
18,Borderline-SMOTE,7,20,3,0.8414469458740241,12.2
18,ADASYN,3,20,3,0.8365654718782575,12.5
18,Single WGAN-GP,,20,1,0.7710375912928161,200.6
18,Multi WGAN-GP,,20,1,0.8052588877719938,540.5
19,Baseline,,20,1,0.8123284241974232,2.5
19,RUS,,10,1,0.6853783518976732,1.8
19,SMOTE,3,10,1,0.8162837665942216,12.1
19,SMOTENC,3,10,3,0.8057468743950358,12.2
19,Borderline-SMOTE,3,20,3,0.8100344055407455,12.1
19,ADASYN,3,20,1,0.8017392591092428,12.8
19,Single WGAN-GP,,20,3,0.7624951114985856,261.5
19,Multi WGAN-GP,,20,1,0.8342698667924613,520.3
20,Baseline,,10,3,0.8304926187838391,2.6
20,RUS,,20,3,0.6513296297434361,1.9
20,SMOTE,3,20,3,0.7932383421566886,12.4
20,SMOTENC,3,20,3,0.7807956963588523,12.4
20,Borderline-SMOTE,3,20,1,0.8153070348342325,12.0
20,ADASYN,5,20,3,0.7859535084647244,12.5
20,Single WGAN-GP,,20,3,0.7662035369549268,207.8
20,Multi WGAN-GP,,20,3,0.8132600444952123,454.3
21,Baseline,,20,1,0.7754686557864116,2.5
21,RUS,,10,3,0.6647275248802754,1.8
21,SMOTE,7,20,3,0.8025856031423368,12.1
21,SMOTENC,3,20,3,0.7876269752132704,12.1
21,Borderline-SMOTE,7,20,3,0.8118554861347103,11.7
21,ADASYN,5,20,3,0.7892919685230587,12.5
21,Single WGAN-GP,,10,1,0.726938319904169,228.3
21,Multi WGAN-GP,,20,1,0.7786560471640468,517.2
22,Baseline,,20,1,0.8252570361227397,2.6
22,RUS,,10,3,0.7323402497866097,1.9
22,SMOTE,5,20,3,0.8018793472593534,12.1
22,SMOTENC,3,20,3,0.7884859888236465,12.3
22,Borderline-SMOTE,3,20,3,0.8219358683441772,12.1
22,ADASYN,3,20,3,0.7780228090571798,13.0
22,Single WGAN-GP,,20,1,0.8212318777438663,217.6
22,Multi WGAN-GP,,20,1,0.8590066635743765,551.6
23,Baseline,,20,1,0.8576135499892066,2.7
23,RUS,,10,1,0.6896643116814145,1.8
23,SMOTE,3,20,3,0.8005922526589818,12.4
23,SMOTENC,3,20,3,0.788909198047243,12.8
23,Borderline-SMOTE,7,20,3,0.8243039677221682,12.4
23,ADASYN,7,20,3,0.7937695515708358,12.8
23,Single WGAN-GP,,20,1,0.7814379460015427,235.9
23,Multi WGAN-GP,,20,1,0.8103192449070079,601.9
24,Baseline,,20,1,0.8032551977097454,2.5
24,RUS,,20,1,0.6811122130574159,1.9
24,SMOTE,5,20,3,0.8150352439714974,11.9
24,SMOTENC,5,20,3,0.8289169712804892,12.4
24,Borderline-SMOTE,7,20,1,0.8019665529360095,11.8
24,ADASYN,5,20,3,0.7883685102336219,12.2
24,Single WGAN-GP,,20,1,0.6387440028273875,211.0
24,Multi WGAN-GP,,20,1,0.8034336831055621,589.3
25,Baseline,,20,3,0.7966815552568072,2.6
25,RUS,,20,3,0.724101959980657,1.9
25,SMOTE,3,20,3,0.775784343298094,12.1
25,SMOTENC,3,20,3,0.7858831426703273,12.1
25,Borderline-SMOTE,7,20,3,0.8050317974814597,11.8
25,ADASYN,3,20,3,0.7544169115847048,12.2
25,Single WGAN-GP,,20,3,0.7157903608346848,265.5
25,Multi WGAN-GP,,20,3,0.7966183672771204,467.3
26,Baseline,,20,1,0.8103001506017227,2.5
26,RUS,,20,3,0.71777059493836,1.8
26,SMOTE,3,20,3,0.8148596778192894,12.1
26,SMOTENC,3,20,1,0.7792643458235113,12.4
26,Borderline-SMOTE,5,20,1,0.7890247176989424,12.0
26,ADASYN,7,20,3,0.7819932499880332,12.3
26,Single WGAN-GP,,20,1,0.7892521245934584,235.5
26,Multi WGAN-GP,,10,1,0.8115494948788649,678.6
27,Baseline,,10,3,0.8209615509345847,2.7
27,RUS,,10,1,0.7750772494460605,1.8
27,SMOTE,7,10,1,0.801664630990933,12.3
27,SMOTENC,5,20,3,0.7962373522049282,12.4
27,Borderline-SMOTE,3,20,3,0.8030896799277739,11.5
27,ADASYN,3,20,3,0.7982861437866494,12.3
27,Single WGAN-GP,,20,1,0.7657118290069416,221.5
27,Multi WGAN-GP,,10,1,0.7379610632554249,616.7
28,Baseline,,20,3,0.8310925813036382,2.5
28,RUS,,20,3,0.6513036237229803,1.8
28,SMOTE,3,20,3,0.8261339927520653,11.9
28,SMOTENC,3,20,3,0.7970276648547739,11.9
28,Borderline-SMOTE,5,20,3,0.8300178385062366,11.6
28,ADASYN,7,20,3,0.8055774083431828,11.9
28,Single WGAN-GP,,20,1,0.8002028019680777,272.0
28,Multi WGAN-GP,,20,1,0.8459435401208093,506.6
29,Baseline,,20,3,0.8439032876861369,2.5
29,RUS,,10,3,0.7356484181784044,1.8
29,SMOTE,3,20,3,0.8344354654089683,12.3
29,SMOTENC,3,20,3,0.8299457150940857,12.2
29,Borderline-SMOTE,5,20,3,0.8401930934353696,12.0
29,ADASYN,3,20,3,0.8183686390681169,12.6
29,Single WGAN-GP,,20,1,0.7750873713870845,208.3
29,Multi WGAN-GP,,20,1,0.7785347005050616,389.6
30,Baseline,,20,1,0.8102105323720128,2.5
30,RUS,,20,3,0.7590541561643835,1.8
30,SMOTE,3,20,3,0.7860036389606676,12.2
30,SMOTENC,5,20,3,0.7830011656157968,12.3
30,Borderline-SMOTE,5,20,3,0.7649909820512353,11.8
30,ADASYN,7,20,3,0.756948246157956,12.1
30,Single WGAN-GP,,20,3,0.8062392529439909,242.1
30,Multi WGAN-GP,,20,1,0.8506200446369084,462.6
